{
  "version": "baseline",
  "training_size": 200,
  "feature_names": [
    "sentiment_positive_ratio",
    "sentiment_negative_ratio",
    "controversy_score",
    "avg_sentence_length",
    "paragraph_count",
    "sentence_count",
    "question_count",
    "list_item_count",
    "hook_ratio",
    "total_length",
    "line_count",
    "exclamation_count",
    "noun_density",
    "verb_density",
    "adj_density",
    "katakana_ratio",
    "tech_mention_count",
    "desu_masu_ratio",
    "token_count",
    "emoji_count",
    "link_count",
    "hashtag_count",
    "has_cta",
    "source_attribution",
    "post_type_encoded",
    "has_media",
    "day_of_week",
    "hour_jst"
  ],
  "feature_importances": {
    "sentiment_positive_ratio": 0.012095263227820396,
    "sentiment_negative_ratio": 0.012777050957083702,
    "controversy_score": 0.02200295217335224,
    "avg_sentence_length": 0.007398975547403097,
    "paragraph_count": 0.014647760428488255,
    "sentence_count": 0.028041495010256767,
    "question_count": 0.23007304966449738,
    "list_item_count": 0.01241296250373125,
    "hook_ratio": 0.03715566545724869,
    "total_length": 0.12793070077896118,
    "line_count": 0.016698259860277176,
    "exclamation_count": 0.016641365364193916,
    "noun_density": 0.0323040708899498,
    "verb_density": 0.014072448015213013,
    "adj_density": 0.014539370313286781,
    "katakana_ratio": 0.013041387312114239,
    "tech_mention_count": 0.01777254045009613,
    "desu_masu_ratio": 0.022111086174845695,
    "token_count": 0.01993178203701973,
    "emoji_count": 0.01103972177952528,
    "link_count": 0.0,
    "hashtag_count": 0.015976060181856155,
    "has_cta": 0.04943817853927612,
    "source_attribution": 0.042211130261421204,
    "post_type_encoded": 0.042144134640693665,
    "has_media": 0.12121213972568512,
    "day_of_week": 0.0,
    "hour_jst": 0.046330440789461136
  }
}