{
  "version": "baseline",
  "training_size": 200,
  "feature_names": [
    "sentiment_positive_ratio",
    "sentiment_negative_ratio",
    "controversy_score",
    "avg_sentence_length",
    "paragraph_count",
    "sentence_count",
    "question_count",
    "list_item_count",
    "hook_length",
    "total_length",
    "line_count",
    "exclamation_count",
    "noun_density",
    "verb_density",
    "adj_density",
    "katakana_ratio",
    "tech_mention_count",
    "desu_masu_ratio",
    "token_count",
    "emoji_count",
    "link_count",
    "hashtag_count",
    "has_cta",
    "source_attribution",
    "day_of_week",
    "hour_jst"
  ],
  "feature_importances": {
    "sentiment_positive_ratio": 0.009366492740809917,
    "sentiment_negative_ratio": 0.014707286842167377,
    "controversy_score": 0.02620638720691204,
    "avg_sentence_length": 0.008719437755644321,
    "paragraph_count": 0.018526699393987656,
    "sentence_count": 0.019154805690050125,
    "question_count": 0.08819666504859924,
    "list_item_count": 0.060497526079416275,
    "hook_length": 0.01494898833334446,
    "total_length": 0.113949716091156,
    "line_count": 0.02387325093150139,
    "exclamation_count": 0.018302496522665024,
    "noun_density": 0.039668068289756775,
    "verb_density": 0.014384118840098381,
    "adj_density": 0.014041010290384293,
    "katakana_ratio": 0.054978031665086746,
    "tech_mention_count": 0.04886380210518837,
    "desu_masu_ratio": 0.018681341782212257,
    "token_count": 0.021160591393709183,
    "emoji_count": 0.01957474835216999,
    "link_count": 0.0,
    "hashtag_count": 0.012611107900738716,
    "has_cta": 0.22396685183048248,
    "source_attribution": 0.06885170191526413,
    "day_of_week": 0.018007172271609306,
    "hour_jst": 0.028761714696884155
  }
}